{
    "input": [
        [3],
        [1, 100, 0, 3400, 240, 2400, 240, 0, 0, 0, 0, 0, 0],
        ["", "1883", "aqua", "", "", "all","temp","led","fan","ten","rel1","rel2","date"],
        ["2020-08-17", "05:59:50", 5, "ESP8266_TEST", "", "MY_SSID", "12345678", "", "", 80]
    ],
    "s_mode": [0, 0, 0, 0, 0],
    "schedule": [[
            ["08:00:00", "08:00:00", "19:00:00", "21:00:00"],
            ["08:00:00", "08:00:00", "19:00:00", "21:00:00"],
            ["08:00:00", "08:00:00", "19:00:00", "21:00:00"],
            ["08:00:00", "08:00:00", "19:00:00", "21:00:00"],
            ["08:00:00", "08:00:00", "19:00:00", "21:00:00"],
            ["08:00:00", "08:00:00", "19:00:00", "21:00:00"],
            ["08:00:00", "08:00:00", "19:00:00", "21:00:00"]
        ], [
            ["08:00:00", "08:00:00", "10:00:00", "11:00:00"],
            ["08:00:00", "08:00:07", "10:00:00", "11:00:00"],
            ["08:00:00", "08:00:00", "10:00:00", "11:00:00"],
            ["08:00:00", "08:00:00", "10:00:00", "11:00:00"],
            ["08:00:00", "08:00:07", "10:00:00", "11:00:00"],
            ["08:00:00", "08:00:00", "10:00:00", "11:00:00"],
            ["08:00:00", "08:00:00", "10:00:00", "11:00:00"]
        ]],
    "defaultLang": "RUS",
	"restart": 0,
    "lang": ["RUS", "ENG"],
    "ver": ["6.4.8","3.2"]
}
