{
"sch_title": [
["Расписание работы светодиодов", "Расписание работы Реле1 и Реле2"], 
["Рассвет", "Закат", "от", "до", "от", "до"], 
["Реле №1", "Реле №2", "вкл", "откл", "вкл", "откл"]],
"text": [
["Количество дней [2~28]:","мин:","макс:","сред:"], 
["ПН:","ВТ:","СР:","ЧТ:","ПТ:","СБ:","ВС:","Светодиод:","Реле №1:","Реле №2:"], 
["Поправка температуры:", "Максимальная яркость:", "Минимальная яркость:", "setPoint:", "Гистерезис:", "Коэф [0.01~100]:", "Нагреватель setPoint:", "Нагреватель Гистерезис:", "Нагреватель Коэф [0.01~100]:", "Длительность подсветки:", "Инверсия выводов:"], 
["mqtt_server*:","mqtt_port*:","mqtt_ID*:","mqtt_user:","mqtt_password:","topic_all*:","topic_temp:","topic_led:","topic_fan:","topic_ten:","topic_rel1:","topic_rel2:","topic_date:"],
["Дата:", "Время:", "Часовой пояс [GMT+]:", "Название ТД:", "Подключение к WIFI:", "IP-адрес / Шлюз", "Порт:", "Обновление прошивки:", "Перезагрузка контроллера ESP8266:"] 
],
"popup":["Перезагрузить ESP8266-12E?", "Требуется перезагрузка", "Сбросить счетчик перезагрузок"],
"but": ["Подождите...", "Выполнено", "ОШИБКА", "Ручной ввод даты", "Автонастройка даты", "Сохранить", "Открыть", "Загрузить", "Перезагрузить"],
"s_mode": ["Авто", "Вкл", "Выкл"],
"mes": ["--°C", "Ошибка RTC"]
}
