{
    "input": [
        [3],
        [1, 100, 0, 3274, 500, 500, 2534, 521, 523, 0, 0],
        ["", "1883", "aqua", "", "", "all","temp","led","fan","ten","rel1","rel2","date"],
        ["2020-08-17", "05:59:50", 5, "ESP8266_T123", "", "ANHRS1", "NzTRb31v", "", "", 80]
    ],
    "s_mode": [0, 0, 0],
    "schedule": [[
            ["08:00:00", "11:00:00", "19:00:00", "21:00:00"],
            ["08:00:00", "11:00:00", "19:00:00", "21:00:00"],
            ["08:00:00", "11:00:00", "19:00:00", "21:00:00"],
            ["08:00:00", "11:00:00", "19:00:00", "21:00:00"],
            ["08:00:00", "11:00:00", "19:00:00", "21:00:00"],
            ["08:00:00", "11:00:00", "19:00:00", "21:00:00"],
            ["08:00:00", "11:00:00", "19:00:00", "21:00:00"]
        ], [
            ["09:00:00", "10:00:00", "10:00:00", "11:00:00"],
            ["09:00:00", "10:00:00", "10:00:00", "11:00:00"],
            ["09:00:00", "10:00:00", "10:00:00", "11:00:00"],
            ["09:00:00", "10:00:00", "10:00:00", "11:00:00"],
            ["09:00:00", "10:00:00", "10:00:00", "11:00:00"],
            ["09:00:00", "10:00:00", "10:00:00", "11:00:00"],
            ["09:00:00", "10:00:00", "10:00:00", "11:00:00"]
        ]],
    "defaultLang": "RUS",
	"restart": 0,
    "lang": ["RUS", "ENG"],
    "ver": ["6.4.5","2.10"]
}
